,id,date,page_nos,filetype,file_extension,file_size_mb,title,filename_original,filepath,pp_toc
0,doc-creditone-1.pdf,None,1,.html,com,0.0038614273071289062,"
        Disputing Charges FAQs | Credit One Bank
    ",disputing-charges.html,https://www.creditonebank.com/faqs/disputing-charges,
1,doc-creditone-10.pdf,None,1,.html,com,0.0038776397705078125,"
        FAQs - Account Setup, Contact Us, & Card Activation | Credit One Bank
    ",faqs.html,https://www.creditonebank.com/faqs,
2,doc-creditone-11.pdf,None,1,.html,com,0.0038709640502929688,"
        Choosing a Credit Card | Credit One Bank
    ",credit-cards.html,https://www.creditonebank.com/credit-cards,
3,doc-creditone-12.pdf,None,1,.html,com,0.0038900375366210938,"
        Does Credit One Bank have a minimum payment limit?
    ",minimum-allowable-payment.html,https://www.creditonebank.com/faqs/pay-bill/minimum-allowable-payment,
4,doc-creditone-13.pdf,None,1,.html,com,0.0039501190185546875,"
        Nonsufficient Funds Fee (NSF) Meaning & Definition | Credit One Bank
    ",nonsufficient-funds-fee.html,https://www.creditonebank.com/articles/glossary/nonsufficient-funds-fee,
5,doc-creditone-14.pdf,None,1,.html,com,0.0038661956787109375,"
        What Happens if You Go Over Your Credit Card Limit? | Credit One Bank
    ",what-happens-if-you-go-over-your-credit-card-limit.html,https://www.creditonebank.com/articles/what-happens-if-you-go-over-your-credit-card-limit,
6,doc-creditone-15.pdf,None,1,.html,com,0.00385284423828125,"
        See if You're Pre-Qualified for a Credit Card | Credit One Bank
    ",prequal.creditonebank.html,https://prequal.creditonebank.com/,
7,doc-creditone-16.pdf,None,1,.html,com,0.0038585662841796875,"
        What types of charges can I dispute? | Credit One Bank
    ",what-types-of-charges-can-i-dispute.html,https://rollout01aem.creditone.com/faqs/disputing-charges/what-types-of-charges-can-i-dispute,
8,doc-creditone-17.pdf,None,1,.html,com,0.027505874633789062,Credit One Bank,authenticate.html,https://www.creditonebank.com/transactional/authenticate,Enable JavaScript and Cookies<br>Credit One Bank<br>Signing in...
9,doc-creditone-18.pdf,None,1,.html,com,0.0037870407104492188,"
        Check Application Status | Credit One Bank
    ",application-status.html,https://rollout.creditone.com/faqs/credit-card-applications/application-status,
10,doc-creditone-19.pdf,None,1,.html,com,0.0038585662841796875,"
        Accept Your Pre-Approved Credit Card Offer | Credit One Bank
    ",accept.creditonebank.html,https://accept.creditonebank.com/,
11,doc-creditone-2.pdf,None,1,.html,com,0.0038814544677734375,"
        How to View Credit One Bank's Card Agreements - FAQ
    ",card-agreements.html,https://www.creditonebank.com/faqs/general/card-agreements,
12,doc-creditone-20.pdf,None,1,.html,com,0.0038366317749023438,"
        Help Center | Credit One Bank
    ",help.html,https://www.creditonebank.com/help,
13,doc-creditone-21.pdf,None,1,.html,com,0.0037889480590820312,"
        Online Account Access Feature | Credit One Bank
    ",features.html,https://rollout.creditone.com/faqs/online-account-access/features,
14,doc-creditone-22.pdf,None,1,.html,com,0.0038614273071289062,"
        How to schedule a credit card payment | Credit One Bank
    ",schedule-payment.html,https://rollout01aem.creditone.com/faqs/pay-bill/schedule-payment,
15,doc-creditone-23.pdf,None,1,.html,com,0.0037755966186523438,"
        Terms of Use | Credit One Bank
    ",terms-of-use.html,https://www.creditonebank.com/legal/terms-of-use,
16,doc-creditone-24.pdf,None,15,.pdf,pdf,0.47994518280029297,,Deposit_Agreement_Disclosures.pdf,https://test05aem.creditone.com/content/dam/creditonebank/corporate-transactional/pdf/Deposit_Agreement_Disclosures.pdf,
17,doc-creditone-25.pdf,None,1,.html,com,0.0037584304809570312,"
        404
    ",terms-standalone?program=WL29.html,https://www.creditonebank.com/transactional/ancillary-product/terms-standalone?program=WL29,
18,doc-creditone-26.pdf,None,1,.html,com,0.003887176513671875,"
        Over-Limit Fee Meaning & Definition | Credit One Bank
    ",over-limit-fee.html,https://www.creditonebank.com/articles/glossary/over-limit-fee,
19,doc-creditone-27.pdf,None,15,.pdf,pdf,0.47994518280029297,,Deposit_Agreement_Disclosures.pdf,https://www.creditonebank.com/content/dam/creditonebank/corporate-transactional/pdf/Deposit_Agreement_Disclosures.pdf,
20,doc-creditone-3.pdf,None,1,.html,com,0.00382232666015625,"
        For What’s Ahead | Credit One Bank
    ",forwhatsahead.html,https://www.creditonebank.com/corporate/about-us/forwhatsahead,
21,doc-creditone-4.pdf,2019-06-20,2,.pdf,pdf,0.1439990997314453,,terms.pdf,https://www.creditonebank.com/assets/pdf/terms.pdf,
22,doc-creditone-5.pdf,None,1,.html,com,0.003925323486328125,"
        Sign In to Pay Your Bill OR See if You Pre-Qualify for a Credit Card | Credit One Bank
    ",www.creditonebank.html,https://www.creditonebank.com/,
23,doc-creditone-6.pdf,None,1,.html,com,0.003856658935546875,"
        How to contact Credit One Bank
    ",how-do-i-contact-you.html,https://www.creditonebank.com/faqs/general/how-do-i-contact-you,
24,doc-creditone-7.pdf,None,1,.html,com,0.00397491455078125,"
        Credit Card Annual Fees and Why They’re Charged | Credit One Bank
    ",credit-card-annual-fees-and-why-they-re-charged.html,https://www.creditonebank.com/articles/credit-card-annual-fees-and-why-they-re-charged,
25,doc-creditone-8.pdf,None,1,.html,com,0.0007686614990234375,Credit One Bank,resend-activation-email.html,https://secure.creditonebank.com/resend-activation-email,
26,doc-creditone-9.pdf,None,1,.html,com,0.0038633346557617188,"
        Compare Credit One Bank Credit Cards | Credit One Bank
    ",compare.html,https://www.creditonebank.com/credit-cards/compare,
